{"cameraMode":{"drawMode":0,"name":"Shaded","section":"Shading Mode"},"sceneLighting":true,"audioPlay":false,"sceneViewState":{"m_AlwaysRefresh":false,"showFog":true,"showSkybox":true,"showFlares":true,"showImageEffects":true,"showParticleSystems":true,"showVisualEffectGraphs":true,"m_FxEnabled":true},"in2DMode":false,"pivot":{"x":26.353792190551759,"y":-0.6909329295158386,"z":37.783390045166019},"rotation":{"x":-0.07617497444152832,"y":0.040057625621557239,"z":-0.0019431343534961343,"w":-0.9969983100891113},"size":9.992500305175782,"orthographic":false}