{"cameraMode":{"drawMode":0,"name":"Shaded","section":"Shading Mode"},"sceneLighting":false,"audioPlay":false,"sceneViewState":{"m_AlwaysRefresh":false,"showFog":true,"showSkybox":false,"showFlares":true,"showImageEffects":true,"showParticleSystems":true,"showVisualEffectGraphs":true,"m_FxEnabled":true},"in2DMode":false,"pivot":{"x":-2.6583988666534426,"y":1.0987812280654908,"z":-1.006801962852478},"rotation":{"x":-0.037831783294677737,"y":0.9054445028305054,"z":-0.07963012903928757,"w":-0.41676557064056399},"size":1.4798647165298463,"orthographic":false}